comment,grade,time,area
"作者在漫画中写道：""这是记录而非故事。我只是一直追在她后面，忠实地重现了发生的这一切……她确实在哪里活着"" 千寻小姐啊，更像是一种对待生活的态度。是能放下过去，接受新事物，会对每个人微笑，尽管已经沉到海底。 我们每个人都会遇到这位千寻小姐。 毕竟 ""来自同一个星球的人，总有一天会遇到的吧""",5,2023-02-23 19:44:19,四川
躺在床上看房间的墙上水波粼粼；坐在车里听着雨声然后拥抱；脚浸没在海水里风吹过落日；把大家连结在一起又悄悄地离开。,4,2023-02-24 15:51:32,浙江
宠辱不惊，随心所欲，自如应对周遭人的调侃，毫不避讳特殊的职业经历，千寻小姐像散发着炽烈光芒的天使，照耀着身边每一个不顺的人，同时也像幽灵般孤独的过客，能够有幸与她相遇便已是最好的礼物。我们无法独占一个人的心，也不应该被他人完全占有，去不同的地方，换不同的工作，体验不同的生活，在逆境中也要保持初衷，忠于自我，自由而热烈地活着，我们都是藏在人躯壳里的外星人，来自不同的星球，虽然不能理解彼此，但总有一天能够遇见三两个同类，生活没有迈不过去的坎，感觉累了就像金鱼一样暂时沉入水底休息，下次再以更好的面貌浮出水面。很惯常的日式治愈，在许多金句里窥见细微的人生哲学，高产的今泉力哉又一次稳定输出，村花的表演也愈发从容，舒服得恰到好处，这种理想化角色所带来的失真感，某种程度上也是日影所特有的魅力之一。,4,2023-02-23 23:50:59,四川
中间其实还不错。开头和结尾太悬浮了一点。第一个镜头是女主穿着白裤子跪在地上撸流浪猫。是，我们人类中有些会跪在地上撸流浪猫，我们人类中也有些穿白裤子，但我们不会穿白裤子跪在地上撸流浪猫。,3,2023-02-25 16:24:31,美国
性工作者成为便当店员，与很多人发生际遇，故事本身的话题和切入点是很女性主义的，包括千寻拒绝参加母亲的葬礼，但拍出来却显得有点虎头蛇尾。它是日影一如既往的平淡、碎片，大家的认识相处不需要太多铺垫和逻辑，重点是氛围和感觉，确实拍得很美，可人物本身、人和人之间关系的设置稍显刻意。而且中年男人对千寻的调侃，千寻作为性工作者，渡众人而无法渡己的「新圣女」设定， 也多少让人觉得有点不适。其实除掉千寻性工作者的身份，她一直流浪，一直换工作，一直认识新的朋友，故事本身也成立，性工作者反而成了一种噱头，影片并没有深刻地理解和运用这个职业，这种拍法反而显得有点无病呻吟。另外，导演把村花拍得坚定又疲惫，从容又寂寞的感觉，比《垫底辣妹》又多了一份层次，村花的演员之路是越走越宽了。,3,2023-02-24 13:34:46,广东
吃饭都吃这么干净的人，一定不是坏人。,4,2023-02-23 20:01:13,浙江
《村花美颜暴击合集》，村花把这个角色身上的疲惫感，以及面对其他人时的强装笑颜演绎得很准确。没由来的孤独——也不是没由来，不过要靠观众自己根据小细节去猜测补完。她将永远是孤独的，因为母亲已死，无法去追根溯源解决问题。但她也会永远善良待人，因为她经历过不幸，所以更懂那些人的孤独，以及他们只需要多小的帮助就能重燃希望。各种看似自然实则刻意的解释以及人生哲理很减分。色即是空属实没绷住，怎么外国人纹中国字纹身总是这么喜感……,3,2023-02-23 19:06:12,山东
许多次想流泪的瞬间，千寻是被纯粹与率真包裹传承的称谓，而最终淡淡地剥离出最深邃的孤独，不愿如醉酒版沉溺于美好，所以总是独自悄然不告而别。,5,2023-02-24 03:28:23,宁夏
如果你想大哭一场，请你一定要看！太太太太太治愈了，谢谢你千寻小姐，在疲惫又暂时放松的周五傍晚，让我又感受到了生活的那一点点意义。,5,2023-02-24 22:00:33,陕西
网飞一上线就看了，然而并没有什么惊喜，更像是预告片的加长版。节奏很慢，治愈的很熟悉，但是不深入，就像女主最后的出走一样，轻飘飘都是过客而已。,3,2023-02-23 21:39:14,日本
4 有村架纯真的是在成长为一名优秀女演员的道路上大步前进着，把这个角色诠释得细腻自然。今泉力哉还是最会拍小人物故事的，再平凡普通的人都能透过特定角度都能折射发出耀眼的光。,4,2023-02-23 19:23:00,北京
有村架纯就像“定海神针”一样，能让我集中注意力看完全片。寻常抚慰人心。,4,2023-02-23 22:09:46,江苏
大家都没看过苍井优的《百万元与苦虫女》吗？一模一样的故事只是女主踏上旅途的契机不同。苍井优当时更青春一些，而且那部电影景色更美,4,2023-02-24 08:00:01,美国
有村架纯的纯欲感，特别扎实。另外发觉她与业界神宫寺奈绪特别神似，之前没发现！ 影片前期质感满满，越后期越乏力。故事不抓人，温情感是可以表现更好的。,3,2023-02-23 22:07:40,吉林
设定果然很日本，边缘人治愈主流人，怪怪的活着挺好的,5,2023-02-23 19:12:13,上海
“你怎么知道我走了？” “因为，那种孤独的气氛突然消失了，很难不注意到。” 不幸、孤独且残缺的灵魂，在一连串的经历及身份的转换中最终达成了救赎与补全。 生命里有太多的东西是我们无法掌控的。然而，所谓失去的其实都是风景，留下的才是人生。 “我们都是住在人类身体里，来自不同星球的外星人。而来自同一个星球的人，总有一天会遇见他们。” 她随雨而来，如风轻去。或许，在一起躲过雨的屋檐，会更容易邂逅来自“同一个星球的人”。放下沉重的过去，生活会奖励你一个新的开始。 有村架纯对“千寻”这个角色吃得很透（实际上是对应“边缘人”这个群体；因为被别人温柔对待过，所以想成为温暖别人的一束光），全程演绎堪称浑然天成唯妙唯肖，这次估计是直接奔着大赏去了。,4,2023-02-26 23:02:49,湖北
助演线拍得太鸡肋，全靠村花热演，观感好似是枝裕和那部舞伎家，食之无味，从旬报十佳潜力选手跨到小红书热门vlog，可能只是一念之差……,3,2023-02-23 22:14:58,湖北
这就是寻找到附近性的生活吗,4,2023-02-23 20:38:31,江苏
能在生命中自得其乐的人和不断出走一直孤独的人。为了某天的相遇，我们活在此刻的阳光下 即将到来的夜晚里 还有突如其来的暴雨中。,4,2023-03-10 01:43:31,广东
真好。今泉力哉这次不像侯麦，像瓦尔达，而海边小镇的故事舞台和清新的影像调性也不难让人想起是枝蓝色的那几部。但今泉好就好在对这个时代的人群的捕捉，就连其实演技早已被大众熟知的村花在他的作品里也有不一样的魅力（当然演员本身也付出了很大努力）。千寻小姐，不输给雨，不输给风，在无根的飘摇间，暗自践行着自己的生存哲学，教化着所有委曲在强权之下的同温层——这个角色理想又复杂，真的很难不让人喜欢。总之看完马上想看第二次，也很想玩牧场物语（？），整5星。,5,2023-02-23 22:24:34,广东
电子榨菜，真的治愈。,4,2023-02-23 19:47:45,上海
不要对自己和别人有太多期待，少一些预期确实可以更好接受多变的生活，日式生活纪录片总是这般，夜晚躺在床上看房间的墙上水波粼粼，如鱼一般沉入水底入眠，任何事情都不能打扰；和懂你的人坐在车里听着雨声，诉说心里话，然后温暖的拥抱；无所顾忌的撸猫，和小孩子嬉笑打闹，认真的吃饭，不求回报的帮助别人，性之所至就不带感情的做，脚浸没在海水里看风吹过落日，不断相遇又离开，每次都用不同身份…很多人都向往这样的生活，但真的很难啊~,4,2023-03-15 00:56:32,西藏
不挣扎就会浮起来，乱动的话就会沉下去。,3,2023-02-23 22:32:57,北京
“夜晚站在我们这边”。蓝色是最寂寞的颜色，也是最温暖的颜色。整部电影的滤镜与表现出来的情绪都有一种透明的空气感，令观众在不知不觉间就被治愈了。正因为体会过孤独与痛苦，千寻才能以开阔包容的心去温柔地对待周围所有的人。人与人之间虽然不能完全互相理解，但是就像住在不同外星人身体里的我们，相信着总有一天，会遇到来自同一星球的两三个同类吧？从别人身上得到的“温度”与“能量”，也希望通过自己传递给更多的人；当自己沉入水底，只要“不慌不忙”，终究会浮上水面。面对“生活”这道难题，一旦认输/放弃/逃避，那就完了。每个人看上去都是漫不经心，其实都竭尽全力地活着，只是有些时候需要旁人一点点支撑。真好啊，村花能接到这样一部日后可以称为代表作的电影～真好啊，村花已经完全成为了能够独当一面，了不起的女演员了～,4,2023-02-23 21:24:40,江苏
又名《女菩萨2：从良》参考影片《前科者》,4,2023-03-07 07:38:38,浙江
今年的一个小惊喜。因为看这部电影的时候太适合搭配一罐啤酒了，所以会觉得选择上网飞、而没上院线是一件挺好的事情（虽说也遇到过不少在影院里喝啤酒的观众）。如果有人向我介绍一部影片的主角，是一个像幽灵一样的人，我一定会觉得这部影片和演员的表演是神神叨叨、附加很多矫情姿态的；不过这部作品，却可以把这样的人刻画得如此温暖、真实，还不失灵气与趣味，实在是很见功力，也可以说「千寻小姐」应该是近几年最让我记忆深刻的电影角色之一了。作为几乎部部作品不落的村花粉，我觉得她在这部影片中又实现了一种前所未有的突破，也许从来没有人用天赋型演员来形容她，但是能做到一直默默地努力与积累，就是一种极高的天赋。,4,2023-02-28 22:49:23,北京
慰安题材典中典：女主呼朋引伴，教化女性被压榨一切仍要慰安天下男性，给男乞丐买饭洗澡，给lgbt男当闺蜜，给暴力男当炮友，给皮条男当女儿卖身，给辱女小男孩当妈……全片没有一个付出方是男性，全片没有一个受益方是女性。,1,2023-02-26 13:15:08,河南
有时候会觉得日式小清新的这种风格会消解电影里展示的社会问题，看前半部分的时候觉得女主角哪里是什么从良小姐啊，分明是下凡来开解众生烦恼的女菩萨嘛。看到后半部分观感稍好了一点，觉得这大概也是一种日本电影的风格吧，用一种云淡风轻的无所谓姿态去看待自己无能为力的生活苦难。这类的电影就全看能不能恰好触动你的心弦。像《小森林》属于刚好在我北漂最迷茫的时候，在都市和家乡都找不到自己的归处，看《小森林》就很有共鸣，而这片讲述“无处安放的孤独”，于我此时的心绪就没那么强烈。中川雅也在《桃花期》里好像就是那种特别猥琐但又很懂女人的老头形象，这么多年演起来还是令人信服。你就是相信，如果是他的话，美女对他投怀送抱是说得通的。,3,2023-02-27 20:17:32,北京
你们真的很喜欢妓女变圣女的故事，也是真的喜欢强调一个拥有“肮脏”身体的女人有多么美好而纯洁的灵魂。我把这种题材当做男性凝视下的巨婴想象。不刻意强调她的过去和职业，也不需要所谓的“治愈”，别矫情，正常一点可以吗？,2,2023-03-01 22:14:52,山东
3.6星。最后的结尾，在便当店的工作经历覆盖了前一段的履历，重获新生了。,4,2023-03-08 14:39:15,上海
强行将性工作者塑造成天使也是一种俗不可耐,2,2023-03-06 21:41:57,上海
做作了 没有感动到,3,2023-02-24 01:22:47,北京
风俗风光片,3,2023-02-23 19:52:05,广西
最后的那句话，像是用便当店的身份洗掉了小姐的工作。千寻是个四处流浪的人呐。,4,2023-02-25 23:30:53,北京
人生的中场休息，一个疲惫女孩的自我重建。影片建立了七段人物关系，远观是一个海港小城的女性友好同温层，近看其实是千寻为自己选择和重建的家人与家庭，这里有父亲、母亲，也有朋友、弟弟妹妹，甚至“不需要恋爱”的男友，这也成为全片最大的优点，即完全从女性视角出发构建的强调女性自我感受的生态圈。但有村架纯和今泉力哉，太想拍出女主千寻的“深不可测”，反而过犹不及，千寻这个角色很明确地指向那些生活中城府深又心灵纯洁的人物，可有村架纯的演绎始终是一副“比你多想一步”的样子，但实际上编导并没有在戏里给出这“一步”到底是什么，自我建立起“家庭”再分离，片中也并未给出这样做的意义何在，最大的问题是人物关系看似繁多，但由于每条线都处理的不温不火，实际生活勾连感很弱，最后反而滑向了一种孤芳自赏的造作。,2,2023-02-24 23:32:33,上海
喜欢今泉力哉，所以忍不得这样的庸作。不得不说，今泉的原著改编作品都很难看：之前的《一首小夜曲》就是如此，哪怕原著作者是我蛮喜欢的伊坂幸太郎。今泉力哉是侯麦那类文学性重的导演，他的作者性更多不靠镜头语言实现，而需要对剧本的人物关系、对白、城市背景设置完全掌控，才有可能拍出那种纤细纠缠又充满奇思妙想的好故事。一句话：笔给他，他来写。一旦失去这些空间交一份流水线作业，他会跟如今那个拍舞伎家的料理人的是枝裕和一样平庸。顺便一说，围绕千寻小姐的人们几乎都快组成散装家庭了，干脆组装完全小偷家族起来或许还能骗个奖。也许是故事里太多人物的困境都归咎到原生家庭，看完忽然想念《无人知晓》，埋了妹妹那段宝石，回去拉片仍然好哭。,2,2023-02-26 00:37:07,北京
在一个阳光明媚的早晨看到热泪盈眶。在我的理解中，电影探讨的主题是，人和人之间是否有相互理解的可能性。“我们都是住在人类身体里的外星人”，在一个不适合的环境里生存，在地球上徒劳地寻找同类。流浪汉，失明者，卑微的女儿，独来独往的学生，跨性别者，被忽视的孩子，酒馆的男人，这个世界上七零八落着不被理解的灵魂。千寻作为主角，串起了这些故事，她发现了这些失落的外星人，再一个又一个拾起他们碎裂的心。千寻也曾是一个淋雨的人，也曾在雨中得到过另一些灵魂的拥抱，所以现在带着别人在雨中出逃。好喜欢电影里的这些角色，他们都有着孤独却生动的灵魂。以及以及，喜欢这部电影的人，我们大概来自同一个星球～,5,2023-02-26 11:11:31,浙江
路上捡个老头，带回家给他洗澡😅😅😅,1,2023-02-27 18:41:32,四川
间接合理化、美化日本配酒小姐现象，忽视背后的原因、无奈和社会伤痛。千寻确实治愈了别人，也“洗白”了自己。剧情上碍于文化差异，个人是会有一些不适的地方。说到底都是日本电影也在给自己的社会搞“自圆其说”，尽力在确实存在且短时间无法改变的社会语境下做一些他们认为的“正能量”感化，也就是所谓的治愈吧。,3,2023-03-11 18:01:46,北京
来自同一个星球的人 我总有一天会遇见他们 对吧？,3,2023-02-23 20:25:34,吉林
别的都可以忍，但为什么美化店长这个老鸨男人😅都快塑造成精神导师了…还有千寻“店长就像我父亲一样”的言论…不愧岛国，无语子,2,2023-02-28 22:06:27,日本
整部电影就像千寻一样缓慢轻柔地在城市里偶遇 “来自同一个星球” 的人后再飘流再相遇以此循环。为什么要独占别人的心和被别人独占？开阔内心和思维才能获得真正的快乐和享受独处与陌生人暂时的情感连接的无限乐趣。要珍惜那些吃饭不剩饭尊重享受食物的、帮助流浪老人的，救助小昆虫的人，这些人在当今正在濒临灭绝。,5,2023-02-27 22:57:09,北京
没看过原作漫画，仅影片而言，我很喜欢。治愈是相互的，孤独感是不可能彻底消失的，但一切又是充满希望的。,4,2023-03-03 11:35:41,日本
日本好会拍，能感动这么多坏男人和蠢女人。一些用温情掩盖日本女性贫困现状的虚伪。以及所有同意卖淫合法的人在我看来都该下地狱。,1,2023-02-28 21:03:30,广东
Netflix. 起手十分鐘已經忍不住眼淚office沒人差點嚎啕大哭 「我們都是住在人類身體中的外星人，我們都來自不同的星球，所以無法理解彼此是當然之事」 「不要害怕，夜晚可是我的夥伴啊」 孤寂的人總能一眼認出其他孤寂的人只需要一點點溫暖就能獲得救贖，只吃三文魚便當一旦有人關心就瘋狂傾倒自己人生的男人，探望便當店那位一輩子辛勤工作卻瞎了長期住院病人，被小學生圍攻的流浪老漢角落攤死，為了合群勉強自己去喜歡一些不太感興趣事物的女子高中生透過偷拍小區裡謎樣美女去消解無可言說的苦悶，典型日式放置缺失家庭中成長的頑皮小男孩，透過漫畫學世界的長缺同學，每一個坍塌的內心透過千尋桑為生活增添色彩，如同沙漠甘露逐漸連接成小小稱不上綠洲的水源，其中心的千尋桑也在渡過著陰鬱又陽光的半明半暗日子呢,4,2023-02-24 12:47:27,英国
埋完师父埋海鸥，本职杀手色即空，无味的华丽料理和最好的炒面，饭团换的橡子，雨夜的便当，悄悄离场的人带走了寂寞。-剥栗子的乐趣让我重新爱上你。-你是想念千寻了吧。金泉力哉一贯的平静美好小城生活，不错,5,2023-03-06 21:16:38,北京
村花死忠粉表示期待 好喜欢 里面的演员也都喜欢。庆幸之前看过《偶然与想象》，认出一个演员并且体会到她的多样性的感觉实在太美妙了。,5,2023-03-24 23:44:05,江苏
古龙笔下七种武器：笑、信心、诚实、仇恨、戒骄、勇气、不放弃，漏了千寻小姐的孤独。。。她应对所有人的那份自如和自信是从娘胎里带的还是后天练的？厉害。有村架纯可以的。。。,4,2023-03-03 15:20:59,北京
看起来清新愉快，并没有什么让人深思的东西。像是小偷家族的放大版，家庭不和睦大家族。,3,2023-02-23 19:58:10,山东
或许有的电影真的需要上一上年纪才能咂摸个中滋味——倒也不必太过倚老卖老年过三十略有些感触即可——那种一个人不知是忍受还是享受甚至逆来顺受所谓“孤独”的处境与心境——莫名其妙就倾轧而来的“生”的压力与“活”的疲累不停在脑海席卷起汹涌的情绪巨浪——于震耳欲聋间寻隙沉默或在凌乱狼藉中与世隔绝来试图找回“存在”的本质——那“千寻”可解释为寻找一千种填补空白灵魂的办法里那个最优解——大概就是极力奉献自己的良善去消弭别人的苦难吧。,4,2023-02-27 12:47:11,山东
有点辜负了我的期待…很乏味…,3,2023-02-25 16:43:07,上海
剧情和人设都稍微有点刻意，观感没有预期里那么好，但还是有一些触动到我的地方，就还蛮喜欢这种悠闲中带着伤感的调调，今泉力哉把村花拍得很漂亮，继垫底辣妹之后久违的又被她美到,3,2023-02-23 21:04:53,河北
意外的还行，喜欢女人吃小女孩做的寿司然后拉手手再见那幕 很平常的行为但绝对不会在现实发生的超现实感。虽然对日本那种沉浸式地自我感动式的表演从讨厌至无所谓了。btw，这片子把男的拍得都好矬，哈哈。结尾有点无聊，这种电影就应该戛然而止。非要再弄个好似“大团圆”似的结局有点无聊了。。,3,2023-02-24 11:33:40,北京
像是另一种形式的《小偷家族》，人与人有的时候即使是面对面，但是心意却也不能相通，能遇见和自己是相同星球的人当然会是很幸福的一件事情。千寻也许一直都会是一个人，但是对于其他人却是他们自己星球的同类。村花演的看起来真舒服，令人如沐春风。,4,2023-03-08 20:19:15,江苏
霓虹没救了，文化全面倒退，为什么风尘女不能中彩票发大财开始新生活？隔壁亚裔五十岁阿姨都开始拯救世界了，这边2023年还让受害者救加害者，用爱感化垃圾！好恶劣的性幻想，你们都去亖就是绿化世界了,1,2023-03-19 23:59:03,广东
属于日本的《鲸》。绝对孤独的人又一次拯救了所有人。,3,2023-03-03 10:02:11,北京
好做作刻意的人设和剧情，，只对佐久间由衣饰演的高高瘦瘦如一头狮虎般盛气凌人的单亲妈妈有点印象,2,2023-02-26 02:54:23,陕西
节奏稀释了情节，平淡到有些乏味，大部分时间都比较煎熬，但看到收尾段落还是有些感动。世界上散落着来自孤独星的人，他们隐藏在人的身体内，像浮萍一样聚散着，短暂的依偎过后再重回孤独。,3,2023-02-25 12:35:24,北京
一部小片子，却包含了这个独特星球的女人，从风俗店到金鱼店，到便当店再到奶牛场的人生。即使孤独，她也给别人送去了很多温暖，比如来自单亲家庭的小城，来自压抑家庭的女中学生，流浪汉“师父”，爱和师父一起看漫画的女中学生，眼睛失明的便当店老板娘。真是应了：特别关心别人的人，正是因为内在极度孤独啊。特别爱看直播吃饭视频的人，也永远不能享受自己眼前美餐。,4,2023-03-07 09:07:34,江苏
【C】有种女性版《横道世之介》的感觉，奉献自己，关怀他人，因为体会过孤独的无助，所以不想别人也遭遇同样的事。在某种意义上是和前者有异曲同工的，那就是都塑造了一个如“天使”一般的人物，她(他)们无私奉献、不求回报，有种想要消除众生苦难那样的人生方向，尽管她(他)们个体的力量渺小得微不足道，却依然愿意施以援手，去帮助那些正被黑暗笼罩的人们，即使燃烧自己也要点亮一丝微光，照亮快要迷失之人前进的方向，或许这道光会很微弱 暗淡，但只要还在就能让更多的人重拾生活的希望。 愿我们的人生中都能遇到“千寻小姐”和“横道世之介”这样的人，哪怕只是匆匆过客，也会在我们的人生中留下有一段永远难忘的记忆...,3,2023-02-27 20:01:44,浙江
女性没必要去拯救一些没用的男人，更没必要原谅老鸨这种加害者还把他当父亲…好蠢，不要当圣母，先自爱自强吧,1,2023-03-20 02:09:04,安徽
我将通称此类日影为孤芳自赏的贞节牌坊,1,2023-02-28 18:41:38,新加坡
有村妹子演的真好啊,4,2023-03-02 00:08:43,北京
那种蔓延开来的孤独感很真实，仿佛是飘在生活之外。我们好像大部分时间都只能知道自己和谁一定不是住在一个星球的外星人，但是找不到住在一个星球的人。,3,2023-03-01 13:59:51,北京
下贱的v人,1,2023-03-20 10:39:18,浙江
“我们都是住在人类身体里的外星人，来自不同的星球，难怪无法理解彼此。”孤独感是与生俱来的，但“总有一天会遇到来自同一个星球的人”。故事很松散，但有村架纯驾驭了日式的丧与治愈，每一个表情都很舒服。,3,2023-03-20 21:53:40,山东
村花摄休加长版。今泉力哉拍这样的剧本太信手拈来了吧，但故事人设及里面的道理都有点过于漂浮了。,3,2023-02-24 12:58:18,浙江
《女人们的谈话》不及预期，《千寻小姐》观感倒还不错：1.在现实生活中，妓女对于某些人来说就是一种赚钱为生的“工作”，并没有世俗观念里想的那么龌龊；2.不先报警而是直接把突然去世的流浪汉掩埋了，日后尸体被别人意外发现不知会怎样？3.与家人断绝关系，即使突然联系上得知母亲逝世也不打算回去参加丧礼；4.自己的好心举动在别人眼里可能变成坏意；5.人生路上，各站停靠；…… -17038,4,2023-03-08 03:08:25,福建
翻译错误好多，关于醉的那部分台词也没翻好，有点影响理解最后离开的原因。就像不擅长喝酒一样不擅长不孤独的生活，快乐过头的话，会因这种沉醉感到害怕。代代继承的千寻称号，真不错。除去日式鸡汤的部分，孤独的部分和相遇的部分很喜欢。,4,2023-02-24 02:29:43,广东
23/2/2023 @ 新宿武藏野館。估唔到有村都做到果種看透世事又帶點飽歷風霜既感覺，可惜由中段開始無乜點用便當店去講故事，削弱左其中一樣我好鍾意漫畫原作既元素,3,2023-02-23 15:18:52,日本
3.9 因循聚散。不能磨灭的孤独感。新的连接能赋予新生。,comment-time ,2023-03-09 08:08:38,北京
漫改作品让导演的创作失去了此前复杂细腻若不经意的蓬松感，搭建故事环境、让人物拥有自在的生长性才是今泉力哉作品的迷人之处。全片最爱猫猫，因为它不必被扣上受难于原生家庭的精神枷锁。人如何成长为当下的自我是复杂的，人与人联结的点亮更是微妙但有缘可循的，将一切简单化又加入风俗业的噱头，费劲写群像又全员动机坍塌。村花过于精致拿捏摆造型，宛若女明星真人秀的体验之旅。,2,2023-02-26 00:31:15,北京
经典日本漫改拍法 主要看点是村花的性感睡衣（× 另外网飞的官方中字很差,3,2023-02-27 23:35:56,上海
今泉的原创作品一向以文学性见长，擅于勾勒群像关系在一定的地域、时空、城建内的交互，捕捉自然情绪流与漂浮不定的独感。像这种框架既定的漫改则太限发挥，成品宛如每年量产的日式流水治愈片，人物间的互动始终透着悬浮。女主更像男权凝视下臆想的圣女，燃烧自我奉献他人，就算强拉孤独当人生底色，呈现给人的感觉依旧空心。有村架纯顶多算能把角色特质演绎出60%的努力型选手，但其演技绝对没达到能称优秀两个字的程度，日本90那拨没混出头的大把，只能说她事业心比较稳固。,3,2023-03-04 13:37:43,湖北
一方面，喜欢村花的演绎，喜爱以千寻为核心辐射所有角色——各路人物粉墨登场，并因此建立基于小镇的“千寻宇宙”。但另一方面，角色虽多，但故事潦草。焦点百转千回后，又落到千寻的孤独上，没有更具趣味性的串联，主线似有若无，深度与商业两手都不硬，终究过于孤芳自赏。过于侧重营造神秘感的千寻，好像做了什么，但其实什么都没做，共情上甚至不如NPC。,2,2023-02-25 15:45:10,广东
某些人梦想中的圣娼,1,2023-03-19 21:29:24,德国
我们也许都是住在人类身体里的外星人，彼此来自不同的星球。孤独的千寻，就像一颗小小的恒星，用光芒去温暖那些同样孤独的小星球。当千寻每一次向陌生人发出善意时，银幕外的我们同样也会被这种善意所感动。想想今天互联网上遍地戾气的网暴和恶意，这样的电影还真让人感到惭愧。毕竟，我们每个人都不是造成今天这种局面的旁观者。,5,2023-02-26 18:34:41,上海
谢谢千寻小姐，让我在一个美好的周日下午度过了两小时爱与孤独并存的时光。,5,2023-03-12 16:57:19,新加坡
3.5，迟滞的情感表达，看哭了。,4,2023-02-24 22:33:31,浙江
想说非常日漫，一看简介果然是漫画改编，那种悬浮的主角光环真能晃晕我，神秘的女主用真诚善良穿透人心普照人群两个多小时，都不如最后几分钟消解身份之后的孤独感更动人。疲惫的城市中，遇到一点真心的确是很不容易的治愈之事，但不是这个故事。,2,2023-02-26 20:24:06,黑龙江
太无聊了 又臭又长 不知所云,1,2023-02-26 22:33:41,上海
看了一半看不下去了，有什么好看啊？！完全沒有故事性，造作，扮深沉文化裝X片。,1,2023-03-05 00:42:46,中国香港
一個新時代照亮所有人自己承受孤獨和苦痛還是一直面帶微笑的女菩薩，且加上前小姐的工作后，比聖母還更能滿足人的喜好了。沒感到治癒，不要再宣揚女的吞下一切苦痛還要照耀大家的太陽形象了！,2,2023-02-23 22:35:41,广东
离大谱，什么人设，假的不能再假，哪里治愈了，真有菩萨会带流浪老头回家洗澡，吃他的东西吗，这部真的看不到女性被尊重，这部的评分可以看到好多国人有多nc，需要这种支离破碎的治愈。,1,2023-02-27 23:05:01,江苏
-为什么没有放盐的鸡汤也有人喜欢喝？ -因为有人说摄入太多盐影响身体健康。 （PS：看到埋尸体那里我整个人都——excuse me？？？🥴）,2,2023-03-07 20:38:32,广东
单纯糊弄事儿的网飞影视垃圾，甚至都没资格丢进日本小清新题材的填埋场里。,1,2023-02-26 23:38:37,上海
千万里我寻找你,3,2023-03-13 22:17:07,河北
v人真行，想象力真丰富（不过是立本也没那么奇怪了，毕竟社会风气，穿普通粉色连衣裙都能觉得是从事风俗业）,1,2023-03-20 08:16:32,广东
乐 7.9分是认真的吗,1,2023-02-26 16:38:28,辽宁
（6.5/10）村花这角色就是个柔和版乔治·贝利或者真人版大白吧（我指皮克斯的那个正经大白，不是另外一群家伙）。我不知道日本当代电影里这种角色众多、对抗性极弱且充满inner peace的题材有没有专门的分类。它们也许艺术成分没有三四层楼那么高，但亲切得能让你平视乃至拥抱。日本电影史中我只看过小津类似，只是小津要悲悯得多。我以前说过侯麦的电影展现了天堂的一种模样，就是角色唯一的烦恼来自人性固有的缺陷。而这类祥和的日本电影展现了天堂的另一种模样，就是平静地接受人世的一切。前面看到村花背上的刀伤，瞬间用好莱坞的思维脑补了随后追杀而至的渣男，最终还是我太亢奋了，要平静，好好听雨、好好捏饭团、好好剥橡子、好好享受简单的便当、好好对每一头黑毛和牛说“我开动啦”——不是，好好说“早上好”才对。,4,2023-02-25 01:07:46,天津
温柔地包容，不过观感真的很中庸——,2,2023-03-05 23:51:33,北京
能那样享受食物的不会是坏人,3,2023-02-24 00:24:11,浙江
这部影片对“陌生人”给予了全新的诠释，因为陌生，我们可在在彼此面前重新塑造自己；因为陌生，我们不需要对对方有心理防备；因为陌生，我们甚至不需要跟对方认真离别……因为我们终归会重新回到熟悉的人身边，但是千寻好像只有陌生人。,3,2023-03-07 09:23:34,江苏
喜欢,4,2023-03-01 06:49:18,安徽
还行吧 就是有点做作 接近圣母（？）,3,2023-03-06 19:11:31,福建
日本量产电影。,3,2023-02-27 05:44:24,英国
某种层面的“浊水漂流”。千寻走在霓虹空荡荡的街道上，仿佛宇宙中只有她一人。,3,2023-03-06 02:36:36,浙江
如今的村花是能将一个平庸的本子提升很多档次的，那不着痕迹的表演最为自然。在她一人身上的光环太强烈了，会忘记了今泉监督以及叙事的存在。3.8,4,2023-02-28 16:16:25,上海
企图劝所有女性当圣娼,1,2023-03-20 08:53:30,澳大利亚
网飞日本真的厉害啊……拿着a24般的剧本，用了文艺片专业户导演，请了超人气但戏路窄的女星，疯狂恰饭,2,2023-02-27 22:13:57,上海
（6.5/10）村花这角色就是个柔和版乔治·贝利或者真人版大白吧（我指皮克斯的那个正经大白，不是另外一群家伙）。我不知道日本当代电影里这种角色众多、对抗性极弱且充满inner peace的题材有没有专门的分类。它们也许艺术成分没有三四层楼那么高，但亲切得能让你平视乃至拥抱。日本电影史中我只看过小津类似，只是小津要悲悯得多。我以前说过侯麦的电影展现了天堂的一种模样，就是角色唯一的烦恼来自人性固有的缺陷。而这类祥和的日本电影展现了天堂的另一种模样，就是平静地接受人世的一切。前面看到村花背上的刀伤，瞬间用好莱坞的思维脑补了随后追杀而至的渣男，最终还是我太亢奋了，要平静，好好听雨、好好捏饭团、好好剥橡子、好好享受简单的便当、好好对每一头黑毛和牛说“我开动啦”——不是，好好说“早上好”才对。,4,2023-02-25 01:07:46,天津
粼粼波光的海面泛着金色涟漪，晴天无云的街道上行人匆匆走过，水槽里的金鱼摇曳身姿吐着泡泡。一个不被世俗所包容的女孩却治愈了身边很多人。,3,2023-03-07 21:31:49,北京
喜欢,4,2023-03-01 06:49:18,安徽
池子里鱼儿，孤独地吮吸着氧气，只有那丝光亮支撑着我们活下去的勇气 每个人都是住在人类身体里的外星人，在孤独的旅程中寻找同类。 星星发亮是为了让每一个人都能找到属于自己的星星。 千寻就是那个来自B612星球的小王子，温暖别人，照亮远方。 过于温暖的日系治愈剧，调色过头太过惨白，基本没有音乐，节奏和时长也就太过缓慢了！ 这不是村姑，简直就是圣姑！,3,2023-03-22 08:38:09,江苏
情节拖沓，风俗女主太过个性……,3,2023-03-09 01:08:58,云南
如今的村花是能将一个平庸的本子提升很多档次的，那不着痕迹的表演最为自然。在她一人身上的光环太强烈了，会忘记了今泉监督以及叙事的存在。3.8,4,2023-02-28 16:16:25,上海
温柔地包容，不过观感真的很中庸——,2,2023-03-05 23:51:33,北京
网飞日本真的厉害啊……拿着a24般的剧本，用了文艺片专业户导演，请了超人气但戏路窄的女星，疯狂恰饭,2,2023-02-27 22:13:57,上海
虽然跳出了今泉力哉擅长的多角恋题材，但内核还是生活中的那份偶然，村花就像深夜食堂的老板在治愈各式各样的人，而她自己的经历又有几分神秘，在她的影响下，其他人之间也产生了正向的互动，所以平时遇到同个星球的人时一定要多多散发善意，最后村花真是愈发的甜了。,4,2023-02-24 00:49:55,山东
村花演得真好 或者说她本身具有这个人物的内核 上一个把大家连结在一起然后悄悄消失的是横道世之介吗,4,2023-03-17 16:03:20,上海
3.3分。,3,2023-03-20 00:00:09,安徽
距离横道世之介可能还是差那么几层意思。,3,2023-03-24 23:00:05,陕西
从良村花：表面波澜不惊，内心却在对抗全世界。,4,2023-03-19 22:43:49,河北
每个人心里都住着一个外星人，在地球上孤独地寻找着自己的同乡。家庭，团体，亲密关系，处处都有碰撞，弱小者压抑、痛苦，倒不是因为不够坚强，而是更敏感、更有顾虑。,4,2023-03-01 21:52:57,江苏
确实琢磨不透千寻小姐，但是给人感觉既孤独又清爽，就像来自不同的星球，从事特殊职业带给她的是不同的看待人和事物的方式，曾被他人温柔对待，也始终愿意温暖对待他人。家庭环境压抑的女高中生，沉默的拾荒老人，知错能改的熊孩子，以及仿佛她母亲般失明的多惠。以及像她父亲的前风俗店店长，米娜桑都被千寻周遭温和的空气、以及处事不惊的性格所感染。离开了便当屋来到了农场，又可以开始自己新的生活。懂得随时入世又可以随时抽身，心怀感激和善良，遇到的人也都不会差。,4,2023-03-03 16:29:54,上海
3.5，蛮舒服的,3,2023-03-05 23:12:38,广东
当然是理想化的神隐生活，怎么会有前性工作者还能这样生活呢。联想到她以前是性工作者的职业，这种神隐的生活方式便有了几分惆怅的意味。因为性工作者，是一份填补亲密关系缝隙的职业，如今不再做这份工作的千寻，并没有与任何人建立亲密关系，但却以某种填补生活缝隙的方式，和身边的人们发生着关系。,3,2023-02-25 18:15:31,北京
很喜欢在拆迁楼里宇部千夏讨论漫画的那段，还有第一次提到每个人都是来自外星球的那段，千寻在神社那吃着寿司卷的那段很感人，尤其是想去握又不敢握的那段。不过还是更想看完全由今泉个人编剧的“爱而不得的群像剧”电影。漫画阵容很豪华啊，全是名作啊喂：大橋裕之 高橋留美子 つげ義春 等等，啊，真的很喜欢宇部千夏这个角色！,4,2023-03-02 00:56:35,上海
原谅所有人。get到了架纯肢体的美感了,comment-time ,2023-03-07 01:24:02,山东
相比《在街上》，这次的剧本略逊一筹，边缘人群生活不易但相互抚慰，有些过于治愈糖分过高的感觉。有村架纯还是很美的。,4,2023-02-26 13:42:44,浙江
3.5 温暖别人 治不好自己的孤独 但也还能走下去,3,2023-02-24 23:36:43,浙江
丰岛花啊～,3,2023-02-23 22:46:54,上海
既然有人已经注意到说“把饭吃的怎么干净一定不是坏人”，那我说点其他的。 大概25.371万年前，一个智人无意识地为了保护另一个瘸腿的智人，顺手操起了一根猛犸象的耻骨重重地砸在了剑齿虎的头上。 造物主一号被三万光年外眼前的景象所震撼，瞄了一眼二号。 二号抿了抿嘴角的炒面，喝了一大口啤酒说到：这就是我们最开始的样子。他们不知道到何时才能意识到自己是外来者，不知道到何时才能恍然大悟都是孤独的继承，更不知道到何时才能明白能有一个‘人’能笑着陪你吃好多饭是多么的珍贵。 千寻，千里难寻，千里终寻。,4,2023-02-27 22:08:47,河南
https://www.douban.com/group/topic/285256139/,1,2023-03-20 06:28:48,辽宁
追求 Be Water 的我 大概是什么星球都不属于吧,4,2023-03-25 23:46:27,上海
没脾气，一言难尽。,3,2023-03-04 16:10:50,广西
最大的感受是，短发女性不再具有女性性感，只是一个超强工具性的女人。小城母亲，岗地母亲，甚至垂垂老矣的多惠都是证明。头发最短的是岗地母亲，只有厨娘身份，连母亲的光环都消失了。,3,2023-03-05 18:11:06,山东
+,3,2023-03-15 20:51:14,中国香港
"很多人一生对各种事各种人温柔包容，其实是对自己的无法忍受。另外个小姐姐简直日本Dita Von Teese,好看。两个小姑娘好可爱，好像。",3,2023-03-10 13:19:13,上海
撒马利亚女孩渴望温暖自己遇到的人，她没做到的事情千寻小姐做到了，自己却默默的行走在这世间，孤独的完成一段又一段的旅程。想和千寻小姐一起去很远的远方，想想还是算了，没有人人有权利夺走这份属于她的孤独。,4,2023-03-13 23:40:17,天津
看得费劲。,3,2023-03-02 13:35:51,江苏
有村架纯个人秀。,4,2023-02-23 20:40:28,浙江
画面挺美的 村花可爱 这个女孩子有点过于美好了 有点超脱于现实,4,2023-03-06 01:00:09,上海
是啊 她并不坚强所以要更肆意地活着，这是对自我内心的支撑，是渴望被看见的孤独气息。,4,2023-03-24 16:22:42,浙江
完全是冲着村花那张美丽又略带忧郁的脸断断续续看完的，今泉力哉真是那种可以把什么都拍的冗长无趣的导演啊……千寻就是人群中那个孤独的“天使”，治愈别人同时也自我疗伤。,3,2023-03-19 15:28:19,安徽
呃 好土,2,2023-03-15 18:05:54,澳大利亚
さみしさも。よろこびも。心のままに生きていく。,4,2023-02-24 21:41:06,日本
是的，我们都是孤独星球来的人。,5,2023-02-26 08:19:10,广东
俗。日影里常有这样的人：热烈的投入生活，建立丰盈的关系，又忽然消失。她以改变自己的周围来确认自己的存在和价值，但对这些改变却不负任何责任。热烈是真的，冷酷也是真的。但看得多了，厌倦这种虚假的精神逃亡也是真的。,2,2023-03-24 12:02:58,北京
孤单又总给陌生人带来温暖的千寻。,4,2023-02-26 19:43:09,上海
在周四的下午，看这部片让我昏昏欲睡。对周围人都很关心的风尘女子，总有不能释怀的过去。不过拍的好像过于美好了。,3,2023-03-02 17:41:12,天津
观感像《横道世之介》。孤独是抽离，因为大家来自不同的星球。千寻的疏离稳重透彻感，在村花身上也有投射，不妨也说，这是一个很适合也得到很好诠释的角色。,4,2023-03-04 12:12:17,中国澳门
千寻小姐，在不为人知的很多疲労困憊之后依然认真生活，她的笑容背后有很多的悲伤和寂寞。找到同一个星星上的人不容易，所以看千寻和多恵在车里拥抱会突然泪如雨下。整体感觉不太今泉，反而有很多是枝裕和的感觉。反而是最后院线特供的彩蛋又找回来今泉独有的源于尴尬的幽默感。@池袋シネマ・ロサ,4,2023-02-27 00:15:38,日本
过分日式小甜片了些，但今泉桑的片总给我一种上海话说很瑟意的感觉，无论是人物、情景还是镜头语言。水底小金鱼这躺平意象太适合我,3,2023-02-28 21:18:33,上海
圣母转世？,1,2023-03-02 14:38:07,北京
温柔的言语，坦诚的心灵，不被浑浊侵染，也不留恋阳光，讲过往的故事，听他人的孤独，人与人之间的相遇，可以照亮内心，不依赖也不占有，一期一会，在不同的人那里看见自己，在相同的人那里看见别人，就这样在海底等待浮出的那一刻。,4,2023-02-23 21:09:57,北京
村花演技好棒,4,2023-02-23 19:35:04,上海
【D】,2,2023-03-11 19:10:50,意大利
有村架纯把温暖、热烈、孤独、从容的千寻演得非常透彻，被千寻狠狠的治愈了。我们都是来自不同星球住在人类身体里的外星人，来自同一个星球的同类，总有一天都会遇到的。,4,2023-02-26 22:32:05,云南
天使漫步。,4,2023-03-08 00:00:03,河北
千寻小姐姐真好呀！,4,2023-03-20 20:05:12,辽宁
有些轻飘飘的感觉，那份孤独依稀能看到却又感受不到。,3,2023-02-26 16:16:56,北京
这种微妙的孤独感实在是太治愈了~,5,2023-03-04 12:17:24,广东
我们都是长在自己身体里的外星人。来自不同星球。永远孤身一人，永远互不理解。只是偶尔，偶尔也会互相依偎，相互取暖。,4,2023-02-23 23:30:34,上海
守护天使在人间，基本延续了漫画感的叙事，现实基础嵌入诗意情节，大概率不会失手，或有组织松散之嫌，但群像的魅力渐渐与主人公的篇幅分庭抗礼的时候，反而有了另一种风味。有村的表演较花束恋爱更加稳定从容，于类型人物的状态下已基本做到极致，能不能突破舒适区可能又是另一个问题了。,4,2023-03-03 21:08:48,河北
叙事节奏非常日式，画面干净，情绪舒缓。群像也不错，每个人都有各自被生活撕开的口子，女主像一个创可贴，温柔的触碰到了每个人的伤口。 她永远脸上带着笑，她亲近猫猫，她把流浪老人带回家给他洗澡，她对全世界温柔，却让人感觉她自己无比孤独。 有的人就是这样，把所有的能量向外输出，在他人被自己温暖的过程中感受活着的意义。 当电影的最后，看到女主也尝试“向内温柔”时，那一刻确实很打动人。,4,2023-03-05 22:45:02,陕西
我，的，天，啊！怎么这么做作！,2,2023-03-07 09:12:48,浙江
电影一般。村花越来越有余裕感了，不错。,2,2023-03-06 11:02:38,日本
春天的午后真是看日影的好时光，我发现平时如果要是晚上的话或者是在影院，找一部这样电影来看，可能会多少有些枯燥，并且尤其不是一个人看时。但是在午后阳光下一个人时，好像是加了buff，啊怎么会看得这么得劲。刚看完，但讲真我也没咋在意剧情就是全片跟着感觉走就看完了。莫名心情感到很平静，说话似乎都跟着和和气气了起来,4,2023-03-12 17:50:55,辽宁
太喜欢影片的节奏和色调了。尾声的部分还是觉得遗憾，我很希望千寻留下来和大家一起生活 —— 或许是因为我不懂得孤独、也无法理解真正孤独的人吧。她始终以一种包容豁达的姿态拥抱这个世界，善待每个人（即便是一开始对她很不友善的人），但她好像也只有跟前店长还有多惠姨才说过一点点心里话。外热而内冷，所以最后决定离开好像也是情理之中。关于千寻母亲是什么样的人，她的家庭状况如何，她在入风俗业之前究竟身陷什么样的绝境，影片没有具体交代，只能通过冈地和小诚这两条支线的投射去拼凑对她过去的想象。,4,2023-03-17 00:07:59,上海
祝愿每个ちひろさん都能遇到那些和她一样来自同一个星球的人。,3,2023-03-01 20:34:54,湖北
看完很安静 就像千寻 在最后也是安静地离开 感觉村花演技越来越好了 她那张乖乖女的脸演这样风尘又充满神秘的女人一点儿也没有违和感 只是故事的展开围绕了太多人 反而对千寻有些不公 了解得太少 有些可惜,3,2023-03-10 15:43:33,日本
村花的电影我看了好多啊,4,2023-03-04 20:31:59,广西
她显然是孤独的，但有村架纯的眼睛里，闪烁着一种迷人的光芒，照亮其他孤独的人。,4,2023-03-07 16:13:37,江苏
这不就女版深夜食堂么。,3,2023-03-01 04:09:24,意大利
看完苏打看村花（大脸），不知不觉花束都上了一周年了，好快。“来自同一个星球的人，难寻。”现实的压力过大，短期内似乎已经无法被治愈了。,3,2023-02-23 23:19:48,广东
看完想去看漫画,comment-time ,2023-03-11 00:34:33,江苏
变着花样致敬各种导演的今泉力哉，这次盲选了冲田修一？没能找到将心理活动视觉化的有效方法，不得已使用一些试图糊弄但难掩尴尬的正反打。对这类一半明媚一半忧伤，与世界格格不入又看透世间风景的边缘人也有些看腻了。,2,2023-03-20 22:44:50,北京
1、生活流叙事还得看日影，平实的视角，淡然的口吻，即使前身是风俗店小姐也一点没有沾染擦边的颜色，还是小清新的日常展示；2、电影把人物最关键的身份隐去，让千寻的转变成了云淡风轻，鼓励人的笑好像假笑，即使再正能量也感受不到重量。,3,2023-03-07 22:44:19,浙江
孤独是一个人的狂欢,4,2023-02-25 14:08:34,辽宁
202303在很多人看来，女性就像是一个容器，可她的孤独——散步又有几人可以看见。很多年以后，我才明白，那些让我流泪的一个个瞬间都是对曾经缺失寻觅而不得的破洞。有村架纯的疏离感就是中景和远景时想看她的近景，而真到了近景又想拉远。看了她的《休工》，她本身也应该很孤单吧。,comment-time ,2023-03-25 23:06:53,江苏
得了甲流，39度烧了一夜，退烧后，昏昏沉沉，于白日，看了千寻小姐。人类的孤独没有尽头，可能是我醉了吧，电影中生活的点滴美好，稍稍慰藉了我空虚的心灵。,3,2023-03-12 11:17:29,山东
2.5 情境写作依旧极佳。前半里关于救赎的演练只是在虚无角色，以至于很难不将其视作形同茜色如烧的“温柔”剥削，后半最终建立的感觉几乎仅是悬浮性的,3,2023-02-26 00:27:18,江西
千寻这个角色，真的是太治愈了啊！如果在生活中能有千寻这样的朋友就太好了,4,2023-03-07 21:22:34,四川
就是那种，明明知道只值三点五星，却打了四星的电影。 有村的个人气质使得故事温暖得再虚假也能骗我看下去，她能让我心里很平静、很平静。也许是《短剧开始啦》里的人设给了我太多共鸣，就这样喜欢上这个不算美丽却又很美丽的有村。 以及，谁不希望在很小的时候，在还没长歪的时候，在来得及救赎的时候，能遇到一位優しい的千寻小姐呢？,4,2023-02-27 17:41:40,江苏
治癒 但是現在不太能被這種打動了,3,2023-03-01 11:18:13,上海
可以反复品味的作品。 在生活中寻找不同的可能性，让人心生向往。 特别喜欢每个人都来自不同的星球，不求理解。如果能遇到同一个星球的人，则是满心欢喜。 ——2023.03.19,4,2023-03-19 11:30:31,浙江
無論去到哪裡，孤獨都會如影隨形，軀殼內的空洞不會因為物理的轉移而被填充。不過比起前風俗娘，千尋明明在挖坑（物理意義）上更體現了純熟的技藝⋯,3,2023-02-28 18:06:24,澳大利亚
補標。,4,2023-02-27 19:51:56,北京
今泉力哉真是日本中生代最温柔最会拍都市的导演了,4,2023-02-23 18:52:14,北京
村花太好看了！！！！！！,4,2023-03-05 14:04:17,四川
沒有愛情，友情也不是那麽濃烈，親情更加寡淡，但是同類人之間卻能找到歸屬感，不分年齡和血脈。仿佛不經意之間的故事，卻將人深深卷入其中，不是因為好奇而看下去，而是為了體驗，體驗好像另外一個自己在其中找尋想要的世界。在她非常小的時候，自己坐在孤獨的臺階上吃便當，周圍有很害怕的風聲，是叫千尋的女人給了她非常直接的，沒有任何顧忌和希望從中得到什麽回饋的陪伴，也讓千尋第一次感受到仿佛母愛一般的溫暖。 最後，千尋也許是原諒了母親吧，因為她已經從自己的星球上被其中的同類治愈了童年的孤獨感，變成了回歸另外一個被稱之為正常世界的普通人，她有了新的工作，要認識一群新的人，不再賭氣一般告訴別人自己曾經是小姐，而告訴他們：我曾經在便利店。能拍出精神層面的微妙質感，追影體驗感極其享受！,5,2023-02-26 20:25:05,山东
现在不行哦。我在水底。,4,2023-03-23 17:40:22,北京
有村演出了人物笑容背后的深沉，但是整体来看很多地方还是稍显刻意。,3,2023-02-24 17:06:30,重庆
【2.5】把社会边缘者回归主流生活的故事拍成了俗不可耐的日式寡淡鸡汤。对这种过于健康的拍法实在提不起观影热情，职业演员的匠气演出也让人无从消受。,2,2023-03-12 02:56:53,贵州
让我想起了苍井优主演的《百万元与苦虫女》，只不过这部电影的节奏要更内敛些，而且对过去的自我和亲密关系的追寻主题要更广更明显一些。但整体来说要更内敛慢节奏。,4,2023-03-06 03:34:51,瑞典
这不就是中国古代那种借名妓浇才子块垒一类故事的变形嘛,2,2023-02-28 18:53:14,上海
其实看不进去 但是小诚的妈妈太好看了 所以坚持看完,2,2023-03-19 15:51:10,北京
大多数人都是这样，安静的活着，悄然的离开，生活在别处，与陌生人相处，做一个不坏的人，千寻在寻找什么？你又在寻找什么？,3,2023-03-07 16:36:33,河北
怎么会有这么无聊的电影？,2,2023-03-07 10:32:40,北京
“只要对自己或别人不抱有期待，就会变得容易一点。” 多孤独的人，也遇得到同一星球的人。,4,2023-03-14 22:07:56,湖南
3.5 村花的疏离感和这个角色很契合 总是有更喜欢下雨天的人 也总是有将自己包裹在防沉迷模式中的人,4,2023-02-25 13:18:51,广东
带不走的，丢不掉的，让大雨侵蚀吧~,3,2023-03-12 22:08:35,北京
千寻就是一道光，她路过的地方就有温暖，她温暖了别人改变了别人，而自己还在孤独的远方不停漂流而去。,4,2023-02-27 23:49:15,云南
今泉这次终于用了些明显场景与情节之间的互动和调度，更多让非文本的细节来给提供信息量（当然文本还是一如既往的直接输出）。感觉主题和东京教父有点相似，都是关于反传统的亲密关系是如何建立的。,5,2023-03-25 20:50:04,上海
能理解一些 不多,4,2023-03-24 00:16:39,上海
日本到底要拍多少个这样的故事啊……,2,2023-03-01 20:35:44,福建
我想到了《横道世之介》，千寻小姐是当下，横道世之介是追忆，一个人如何自己孤独的同时却温暖了那么多人。又有点类似于多年前的《百万元与苦虫女》，后者更轻松一点，而本片主人公和周围的人温暖的笑容后都有着深藏的暗影，可是乌云背后也有幸福线，把别人送的盒饭吃的开心地干干净净的也是本事，到处都能找到工作并且和周围人交往得好也是本事啊。,4,2023-02-28 14:58:25,山东
挺现实的生活琐事，讲述得却很虚幻。千寻小姐身世成谜，脱离风俗行业，来到小镇便当店工作。看似乐观面对生活，帮助生活中边缘人士，有如圣母一样的情怀。却有着入骨的孤独感，并享受这样的孤独。她只是寻找声气相投的人士，当生活进入到熟悉情景有着温暖情感之时，又迅速离去，到一个更为陌生环境中。“我们都是外星人，进入到人类身体里。彼此寻找同星球上的人。”拍得有些刻意了，且拖沓无比。,3,2023-03-18 09:27:19,广东
这种温暖与游离一体两面的气质，在日影中已经成为一个流派了。欲言又止的悬浮感很挑演员的气质以及导演对于氛围的把控，幸好这个电影两点都做得不错。,4,2023-03-06 09:00:11,北京
